Code Domaine,Domaine,Code zone,Zone,Code ?l?ment,?l?ment,Code Produit,Produit,Code ann?e,Ann?e,Unit?,Valeur
"FBS","Bilans Alimentaires (2010-)","2","Afghanistan","5511","Production","2734","Viande de Volailles","2019","2019","Milliers de tonnes","28"
"FBS","Bilans Alimentaires (2010-)","2","Afghanistan","5611","Importations - Quantit?","2734","Viande de Volailles","2019","2019","Milliers de tonnes","44"
"FBS","Bilans Alimentaires (2010-)","2","Afghanistan","5301","Disponibilit? int?rieure","2734","Viande de Volailles","2019","2019","Milliers de tonnes","67"
"FBS","Bilans Alimentaires (2010-)","202","Afrique du Sud","5511","Production","2734","Viande de Volailles","2019","2019","Milliers de tonnes","1816"
"FBS","Bilans Alimentaires (2010-)","202","Afrique du Sud","5611","Importations - Quantit?","2734","Viande de Volailles","2019","2019","Milliers de tonnes","488"
"FBS","Bilans Alimentaires (2010-)","202","Afrique du Sud","5301","Disponibilit? int?rieure","2734","Viande de Volailles","2019","2019","Milliers de tonnes","2186"
"FBS","Bilans Alimentaires (2010-)","3","Albanie","5511","Production","2734","Viande de Volailles","2019","2019","Milliers de tonnes","12"
"FBS","Bilans Alimentaires (2010-)","3","Albanie","5611","Importations - Quantit?","2734","Viande de Volailles","2019","2019","Milliers de tonnes","22"
"FBS","Bilans Alimentaires (2010-)","3","Albanie","5301","Disponibilit? int?rieure","2734","Viande de Volailles","2019","2019","Milliers de tonnes","34"
"FBS","Bilans Alimentaires (2010-)","4","Alg?rie","5511","Production","2734","Viande de Volailles","2019","2019","Milliers de tonnes","291"
"FBS","Bilans Alimentaires (2010-)","4","Alg?rie","5611","Importations - Quantit?","2734","Viande de Volailles","2019","2019","Milliers de tonnes","0"
"FBS","Bilans Alimentaires (2010-)","4","Alg?rie","5301","Disponibilit? int?rieure","2734","Viande de Volailles","2019","2019","Milliers de tonnes","287"
"FBS","Bilans Alimentaires (2010-)","79","Allemagne","5511","Production","2734","Viande de Volailles","2019","2019","Milliers de tonnes","1544"
"FBS","Bilans Alimentaires (2010-)","79","Allemagne","5611","Importations - Quantit?","2734","Viande de Volailles","2019","2019","Milliers de tonnes","831"
"FBS","Bilans Alimentaires (2010-)","79","Allemagne","5301","Disponibilit? int?rieure","2734","Viande de Volailles","2019","2019","Milliers de tonnes","1712"
"FBS","Bilans Alimentaires (2010-)","7","Angola","5511","Production","2734","Viande de Volailles","2019","2019","Milliers de tonnes","49"
"FBS","Bilans Alimentaires (2010-)","7","Angola","5611","Importations - Quantit?","2734","Viande de Volailles","2019","2019","Milliers de tonnes","278"
"FBS","Bilans Alimentaires (2010-)","7","Angola","5301","Disponibilit? int?rieure","2734","Viande de Volailles","2019","2019","Milliers de tonnes","327"
"FBS","Bilans Alimentaires (2010-)","8","Antigua-et-Barbuda","5511","Production","2734","Viande de Volailles","2019","2019","Milliers de tonnes","0"
"FBS","Bilans Alimentaires (2010-)","8","Antigua-et-Barbuda","5611","Importations - Quantit?","2734","Viande de Volailles","2019","2019","Milliers de tonnes","7"
"FBS","Bilans Alimentaires (2010-)","8","Antigua-et-Barbuda","5301","Disponibilit? int?rieure","2734","Viande de Volailles","2019","2019","Milliers de tonnes","7"
"FBS","Bilans Alimentaires (2010-)","194","Arabie saoudite","5511","Production","2734","Viande de Volailles","2019","2019","Milliers de tonnes","800"
"FBS","Bilans Alimentaires (2010-)","194","Arabie saoudite","5611","Importations - Quantit?","2734","Viande de Volailles","2019","2019","Milliers de tonnes","650"
"FBS","Bilans Alimentaires (2010-)","194","Arabie saoudite","5301","Disponibilit? int?rieure","2734","Viande de Volailles","2019","2019","Milliers de tonnes","1433"
"FBS","Bilans Alimentaires (2010-)","9","Argentine","5511","Production","2734","Viande de Volailles","2019","2019","Milliers de tonnes","2248"
"FBS","Bilans Alimentaires (2010-)","9","Argentine","5611","Importations - Quantit?","2734","Viande de Volailles","2019","2019","Milliers de tonnes","5"
"FBS","Bilans Alimentaires (2010-)","9","Argentine","5301","Disponibilit? int?rieure","2734","Viande de Volailles","2019","2019","Milliers de tonnes","2020"
"FBS","Bilans Alimentaires (2010-)","1","Arm?nie","5511","Production","2734","Viande de Volailles","2019","2019","Milliers de tonnes","12"
"FBS","Bilans Alimentaires (2010-)","1","Arm?nie","5611","Importations - Quantit?","2734","Viande de Volailles","2019","2019","Milliers de tonnes","43"
"FBS","Bilans Alimentaires (2010-)","1","Arm?nie","5301","Disponibilit? int?rieure","2734","Viande de Volailles","2019","2019","Milliers de tonnes","55"
"FBS","Bilans Alimentaires (2010-)","10","Australie","5511","Production","2734","Viande de Volailles","2019","2019","Milliers de tonnes","1278"
"FBS","Bilans Alimentaires (2010-)","10","Australie","5611","Importations - Quantit?","2734","Viande de Volailles","2019","2019","Milliers de tonnes","9"
"FBS","Bilans Alimentaires (2010-)","10","Australie","5301","Disponibilit? int?rieure","2734","Viande de Volailles","2019","2019","Milliers de tonnes","1243"
"FBS","Bilans Alimentaires (2010-)","11","Autriche","5511","Production","2734","Viande de Volailles","2019","2019","Milliers de tonnes","132"
"FBS","Bilans Alimentaires (2010-)","11","Autriche","5611","Importations - Quantit?","2734","Viande de Volailles","2019","2019","Milliers de tonnes","113"
"FBS","Bilans Alimentaires (2010-)","11","Autriche","5301","Disponibilit? int?rieure","2734","Viande de Volailles","2019","2019","Milliers de tonnes","177"
"FBS","Bilans Alimentaires (2010-)","52","Azerba?djan","5511","Production","2734","Viande de Volailles","2019","2019","Milliers de tonnes","112"
"FBS","Bilans Alimentaires (2010-)","52","Azerba?djan","5611","Importations - Quantit?","2734","Viande de Volailles","2019","2019","Milliers de tonnes","39"
"FBS","Bilans Alimentaires (2010-)","52","Azerba?djan","5301","Disponibilit? int?rieure","2734","Viande de Volailles","2019","2019","Milliers de tonnes","146"
"FBS","Bilans Alimentaires (2010-)","12","Bahamas","5511","Production","2734","Viande de Volailles","2019","2019","Milliers de tonnes","6"
"FBS","Bilans Alimentaires (2010-)","12","Bahamas","5611","Importations - Quantit?","2734","Viande de Volailles","2019","2019","Milliers de tonnes","25"
"FBS","Bilans Alimentaires (2010-)","12","Bahamas","5301","Disponibilit? int?rieure","2734","Viande de Volailles","2019","2019","Milliers de tonnes","22"
"FBS","Bilans Alimentaires (2010-)","16","Bangladesh","5511","Production","2734","Viande de Volailles","2019","2019","Milliers de tonnes","260"
"FBS","Bilans Alimentaires (2010-)","16","Bangladesh","5611","Importations - Quantit?","2734","Viande de Volailles","2019","2019","Milliers de tonnes","0"
"FBS","Bilans Alimentaires (2010-)","16","Bangladesh","5301","Disponibilit? int?rieure","2734","Viande de Volailles","2019","2019","Milliers de tonnes","260"
"FBS","Bilans Alimentaires (2010-)","14","Barbade","5511","Production","2734","Viande de Volailles","2019","2019","Milliers de tonnes","16"
"FBS","Bilans Alimentaires (2010-)","14","Barbade","5611","Importations - Quantit?","2734","Viande de Volailles","2019","2019","Milliers de tonnes","2"
"FBS","Bilans Alimentaires (2010-)","14","Barbade","5301","Disponibilit? int?rieure","2734","Viande de Volailles","2019","2019","Milliers de tonnes","18"
"FBS","Bilans Alimentaires (2010-)","57","B?larus","5511","Production","2734","Viande de Volailles","2019","2019","Milliers de tonnes","467"
"FBS","Bilans Alimentaires (2010-)","57","B?larus","5611","Importations - Quantit?","2734","Viande de Volailles","2019","2019","Milliers de tonnes","10"
"FBS","Bilans Alimentaires (2010-)","57","B?larus","5301","Disponibilit? int?rieure","2734","Viande de Volailles","2019","2019","Milliers de tonnes","271"
"FBS","Bilans Alimentaires (2010-)","255","Belgique","5511","Production","2734","Viande de Volailles","2019","2019","Milliers de tonnes","448"
"FBS","Bilans Alimentaires (2010-)","255","Belgique","5611","Importations - Quantit?","2734","Viande de Volailles","2019","2019","Milliers de tonnes","320"
"FBS","Bilans Alimentaires (2010-)","255","Belgique","5301","Disponibilit? int?rieure","2734","Viande de Volailles","2019","2019","Milliers de tonnes","187"
"FBS","Bilans Alimentaires (2010-)","23","Belize","5511","Production","2734","Viande de Volailles","2019","2019","Milliers de tonnes","21"
"FBS","Bilans Alimentaires (2010-)","23","Belize","5611","Importations - Quantit?","2734","Viande de Volailles","2019","2019","Milliers de tonnes","0"
"FBS","Bilans Alimentaires (2010-)","23","Belize","5301","Disponibilit? int?rieure","2734","Viande de Volailles","2019","2019","Milliers de tonnes","21"
"FBS","Bilans Alimentaires (2010-)","53","B?nin","5511","Production","2734","Viande de Volailles","2019","2019","Milliers de tonnes","15"
"FBS","Bilans Alimentaires (2010-)","53","B?nin","5611","Importations - Quantit?","2734","Viande de Volailles","2019","2019","Milliers de tonnes","117"
"FBS","Bilans Alimentaires (2010-)","53","B?nin","5301","Disponibilit? int?rieure","2734","Viande de Volailles","2019","2019","Milliers de tonnes","121"
"FBS","Bilans Alimentaires (2010-)","19","Bolivie (?tat plurinational de)","5511","Production","2734","Viande de Volailles","2019","2019","Milliers de tonnes","494"
"FBS","Bilans Alimentaires (2010-)","19","Bolivie (?tat plurinational de)","5611","Importations - Quantit?","2734","Viande de Volailles","2019","2019","Milliers de tonnes","2"
"FBS","Bilans Alimentaires (2010-)","19","Bolivie (?tat plurinational de)","5301","Disponibilit? int?rieure","2734","Viande de Volailles","2019","2019","Milliers de tonnes","496"
"FBS","Bilans Alimentaires (2010-)","80","Bosnie-Herz?govine","5511","Production","2734","Viande de Volailles","2019","2019","Milliers de tonnes","70"
"FBS","Bilans Alimentaires (2010-)","80","Bosnie-Herz?govine","5611","Importations - Quantit?","2734","Viande de Volailles","2019","2019","Milliers de tonnes","11"
"FBS","Bilans Alimentaires (2010-)","80","Bosnie-Herz?govine","5301","Disponibilit? int?rieure","2734","Viande de Volailles","2019","2019","Milliers de tonnes","56"
"FBS","Bilans Alimentaires (2010-)","20","Botswana","5511","Production","2734","Viande de Volailles","2019","2019","Milliers de tonnes","2"
"FBS","Bilans Alimentaires (2010-)","20","Botswana","5611","Importations - Quantit?","2734","Viande de Volailles","2019","2019","Milliers de tonnes","5"
"FBS","Bilans Alimentaires (2010-)","20","Botswana","5301","Disponibilit? int?rieure","2734","Viande de Volailles","2019","2019","Milliers de tonnes","7"
"FBS","Bilans Alimentaires (2010-)","21","Br?sil","5511","Production","2734","Viande de Volailles","2019","2019","Milliers de tonnes","14137"
"FBS","Bilans Alimentaires (2010-)","21","Br?sil","5611","Importations - Quantit?","2734","Viande de Volailles","2019","2019","Milliers de tonnes","5"
"FBS","Bilans Alimentaires (2010-)","21","Br?sil","5301","Disponibilit? int?rieure","2734","Viande de Volailles","2019","2019","Milliers de tonnes","9907"
"FBS","Bilans Alimentaires (2010-)","27","Bulgarie","5511","Production","2734","Viande de Volailles","2019","2019","Milliers de tonnes","109"
"FBS","Bilans Alimentaires (2010-)","27","Bulgarie","5611","Importations - Quantit?","2734","Viande de Volailles","2019","2019","Milliers de tonnes","111"
"FBS","Bilans Alimentaires (2010-)","27","Bulgarie","5301","Disponibilit? int?rieure","2734","Viande de Volailles","2019","2019","Milliers de tonnes","161"
"FBS","Bilans Alimentaires (2010-)","233","Burkina Faso","5511","Production","2734","Viande de Volailles","2019","2019","Milliers de tonnes","44"
"FBS","Bilans Alimentaires (2010-)","233","Burkina Faso","5611","Importations - Quantit?","2734","Viande de Volailles","2019","2019","Milliers de tonnes","0"
"FBS","Bilans Alimentaires (2010-)","233","Burkina Faso","5301","Disponibilit? int?rieure","2734","Viande de Volailles","2019","2019","Milliers de tonnes","44"
"FBS","Bilans Alimentaires (2010-)","29","Burundi","5511","Production","2734","Viande de Volailles","2019","2019","Milliers de tonnes","7"
"FBS","Bilans Alimentaires (2010-)","29","Burundi","5611","Importations - Quantit?","2734","Viande de Volailles","2019","2019","Milliers de tonnes","0"
"FBS","Bilans Alimentaires (2010-)","29","Burundi","5301","Disponibilit? int?rieure","2734","Viande de Volailles","2019","2019","Milliers de tonnes","7"
"FBS","Bilans Alimentaires (2010-)","35","Cabo Verde","5511","Production","2734","Viande de Volailles","2019","2019","Milliers de tonnes","1"
"FBS","Bilans Alimentaires (2010-)","35","Cabo Verde","5611","Importations - Quantit?","2734","Viande de Volailles","2019","2019","Milliers de tonnes","13"
"FBS","Bilans Alimentaires (2010-)","35","Cabo Verde","5301","Disponibilit? int?rieure","2734","Viande de Volailles","2019","2019","Milliers de tonnes","10"
"FBS","Bilans Alimentaires (2010-)","115","Cambodge","5511","Production","2734","Viande de Volailles","2019","2019","Milliers de tonnes","28"
"FBS","Bilans Alimentaires (2010-)","115","Cambodge","5611","Importations - Quantit?","2734","Viande de Volailles","2019","2019","Milliers de tonnes","1"
"FBS","Bilans Alimentaires (2010-)","115","Cambodge","5301","Disponibilit? int?rieure","2734","Viande de Volailles","2019","2019","Milliers de tonnes","36"
"FBS","Bilans Alimentaires (2010-)","32","Cameroun","5511","Production","2734","Viande de Volailles","2019","2019","Milliers de tonnes","84"
"FBS","Bilans Alimentaires (2010-)","32","Cameroun","5611","Importations - Quantit?","2734","Viande de Volailles","2019","2019","Milliers de tonnes","2"
"FBS","Bilans Alimentaires (2010-)","32","Cameroun","5301","Disponibilit? int?rieure","2734","Viande de Volailles","2019","2019","Milliers de tonnes","85"
"FBS","Bilans Alimentaires (2010-)","33","Canada","5511","Production","2734","Viande de Volailles","2019","2019","Milliers de tonnes","1504"
"FBS","Bilans Alimentaires (2010-)","33","Canada","5611","Importations - Quantit?","2734","Viande de Volailles","2019","2019","Milliers de tonnes","179"
"FBS","Bilans Alimentaires (2010-)","33","Canada","5301","Disponibilit? int?rieure","2734","Viande de Volailles","2019","2019","Milliers de tonnes","1537"
"FBS","Bilans Alimentaires (2010-)","40","Chili","5511","Production","2734","Viande de Volailles","2019","2019","Milliers de tonnes","769"
"FBS","Bilans Alimentaires (2010-)","40","Chili","5611","Importations - Quantit?","2734","Viande de Volailles","2019","2019","Milliers de tonnes","137"
"FBS","Bilans Alimentaires (2010-)","40","Chili","5301","Disponibilit? int?rieure","2734","Viande de Volailles","2019","2019","Milliers de tonnes","680"
"FBS","Bilans Alimentaires (2010-)","96","Chine - RAS de Hong-Kong","5511","Production","2734","Viande de Volailles","2019","2019","Milliers de tonnes","19"
"FBS","Bilans Alimentaires (2010-)","96","Chine - RAS de Hong-Kong","5611","Importations - Quantit?","2734","Viande de Volailles","2019","2019","Milliers de tonnes","773"
"FBS","Bilans Alimentaires (2010-)","96","Chine - RAS de Hong-Kong","5301","Disponibilit? int?rieure","2734","Viande de Volailles","2019","2019","Milliers de tonnes","440"
"FBS","Bilans Alimentaires (2010-)","128","Chine - RAS de Macao","5511","Production","2734","Viande de Volailles","2019","2019","Milliers de tonnes","3"
"FBS","Bilans Alimentaires (2010-)","128","Chine - RAS de Macao","5611","Importations - Quantit?","2734","Viande de Volailles","2019","2019","Milliers de tonnes","32"
"FBS","Bilans Alimentaires (2010-)","128","Chine - RAS de Macao","5301","Disponibilit? int?rieure","2734","Viande de Volailles","2019","2019","Milliers de tonnes","22"
"FBS","Bilans Alimentaires (2010-)","41","Chine, continentale","5511","Production","2734","Viande de Volailles","2019","2019","Milliers de tonnes","20442"
"FBS","Bilans Alimentaires (2010-)","41","Chine, continentale","5611","Importations - Quantit?","2734","Viande de Volailles","2019","2019","Milliers de tonnes","795"
"FBS","Bilans Alimentaires (2010-)","41","Chine, continentale","5301","Disponibilit? int?rieure","2734","Viande de Volailles","2019","2019","Milliers de tonnes","20001"
"FBS","Bilans Alimentaires (2010-)","214","Chine, Taiwan Province de","5511","Production","2734","Viande de Volailles","2019","2019","Milliers de tonnes","731"
"FBS","Bilans Alimentaires (2010-)","214","Chine, Taiwan Province de","5611","Importations - Quantit?","2734","Viande de Volailles","2019","2019","Milliers de tonnes","215"
"FBS","Bilans Alimentaires (2010-)","214","Chine, Taiwan Province de","5301","Disponibilit? int?rieure","2734","Viande de Volailles","2019","2019","Milliers de tonnes","922"
"FBS","Bilans Alimentaires (2010-)","50","Chypre","5511","Production","2734","Viande de Volailles","2019","2019","Milliers de tonnes","27"
"FBS","Bilans Alimentaires (2010-)","50","Chypre","5611","Importations - Quantit?","2734","Viande de Volailles","2019","2019","Milliers de tonnes","15"
"FBS","Bilans Alimentaires (2010-)","50","Chypre","5301","Disponibilit? int?rieure","2734","Viande de Volailles","2019","2019","Milliers de tonnes","35"
"FBS","Bilans Alimentaires (2010-)","44","Colombie","5511","Production","2734","Viande de Volailles","2019","2019","Milliers de tonnes","1693"
"FBS","Bilans Alimentaires (2010-)","44","Colombie","5611","Importations - Quantit?","2734","Viande de Volailles","2019","2019","Milliers de tonnes","115"
"FBS","Bilans Alimentaires (2010-)","44","Colombie","5301","Disponibilit? int?rieure","2734","Viande de Volailles","2019","2019","Milliers de tonnes","1808"
"FBS","Bilans Alimentaires (2010-)","45","Comores","5511","Production","2734","Viande de Volailles","2019","2019","Milliers de tonnes","1"
"FBS","Bilans Alimentaires (2010-)","45","Comores","5611","Importations - Quantit?","2734","Viande de Volailles","2019","2019","Milliers de tonnes","0"
"FBS","Bilans Alimentaires (2010-)","45","Comores","5301","Disponibilit? int?rieure","2734","Viande de Volailles","2019","2019","Milliers de tonnes","5"
"FBS","Bilans Alimentaires (2010-)","46","Congo","5511","Production","2734","Viande de Volailles","2019","2019","Milliers de tonnes","7"
"FBS","Bilans Alimentaires (2010-)","46","Congo","5611","Importations - Quantit?","2734","Viande de Volailles","2019","2019","Milliers de tonnes","107"
"FBS","Bilans Alimentaires (2010-)","46","Congo","5301","Disponibilit? int?rieure","2734","Viande de Volailles","2019","2019","Milliers de tonnes","113"
"FBS","Bilans Alimentaires (2010-)","48","Costa Rica","5511","Production","2734","Viande de Volailles","2019","2019","Milliers de tonnes","145"
"FBS","Bilans Alimentaires (2010-)","48","Costa Rica","5611","Importations - Quantit?","2734","Viande de Volailles","2019","2019","Milliers de tonnes","15"
"FBS","Bilans Alimentaires (2010-)","48","Costa Rica","5301","Disponibilit? int?rieure","2734","Viande de Volailles","2019","2019","Milliers de tonnes","140"
"FBS","Bilans Alimentaires (2010-)","107","C?te d'Ivoire","5511","Production","2734","Viande de Volailles","2019","2019","Milliers de tonnes","53"
"FBS","Bilans Alimentaires (2010-)","107","C?te d'Ivoire","5611","Importations - Quantit?","2734","Viande de Volailles","2019","2019","Milliers de tonnes","1"
"FBS","Bilans Alimentaires (2010-)","107","C?te d'Ivoire","5301","Disponibilit? int?rieure","2734","Viande de Volailles","2019","2019","Milliers de tonnes","54"
"FBS","Bilans Alimentaires (2010-)","98","Croatie","5511","Production","2734","Viande de Volailles","2019","2019","Milliers de tonnes","54"
"FBS","Bilans Alimentaires (2010-)","98","Croatie","5611","Importations - Quantit?","2734","Viande de Volailles","2019","2019","Milliers de tonnes","30"
"FBS","Bilans Alimentaires (2010-)","98","Croatie","5301","Disponibilit? int?rieure","2734","Viande de Volailles","2019","2019","Milliers de tonnes","69"
"FBS","Bilans Alimentaires (2010-)","49","Cuba","5511","Production","2734","Viande de Volailles","2019","2019","Milliers de tonnes","25"
"FBS","Bilans Alimentaires (2010-)","49","Cuba","5611","Importations - Quantit?","2734","Viande de Volailles","2019","2019","Milliers de tonnes","294"
"FBS","Bilans Alimentaires (2010-)","49","Cuba","5301","Disponibilit? int?rieure","2734","Viande de Volailles","2019","2019","Milliers de tonnes","318"
"FBS","Bilans Alimentaires (2010-)","54","Danemark","5511","Production","2734","Viande de Volailles","2019","2019","Milliers de tonnes","158"
"FBS","Bilans Alimentaires (2010-)","54","Danemark","5611","Importations - Quantit?","2734","Viande de Volailles","2019","2019","Milliers de tonnes","142"
"FBS","Bilans Alimentaires (2010-)","54","Danemark","5301","Disponibilit? int?rieure","2734","Viande de Volailles","2019","2019","Milliers de tonnes","146"
"FBS","Bilans Alimentaires (2010-)","72","Djibouti","5611","Importations - Quantit?","2734","Viande de Volailles","2019","2019","Milliers de tonnes","3"
"FBS","Bilans Alimentaires (2010-)","72","Djibouti","5301","Disponibilit? int?rieure","2734","Viande de Volailles","2019","2019","Milliers de tonnes","3"
"FBS","Bilans Alimentaires (2010-)","55","Dominique","5511","Production","2734","Viande de Volailles","2019","2019","Milliers de tonnes","0"
"FBS","Bilans Alimentaires (2010-)","55","Dominique","5611","Importations - Quantit?","2734","Viande de Volailles","2019","2019","Milliers de tonnes","4"
"FBS","Bilans Alimentaires (2010-)","55","Dominique","5301","Disponibilit? int?rieure","2734","Viande de Volailles","2019","2019","Milliers de tonnes","4"
"FBS","Bilans Alimentaires (2010-)","59","?gypte","5511","Production","2734","Viande de Volailles","2019","2019","Milliers de tonnes","1443"
"FBS","Bilans Alimentaires (2010-)","59","?gypte","5611","Importations - Quantit?","2734","Viande de Volailles","2019","2019","Milliers de tonnes","36"
"FBS","Bilans Alimentaires (2010-)","59","?gypte","5301","Disponibilit? int?rieure","2734","Viande de Volailles","2019","2019","Milliers de tonnes","1491"
"FBS","Bilans Alimentaires (2010-)","60","El Salvador","5511","Production","2734","Viande de Volailles","2019","2019","Milliers de tonnes","147"
"FBS","Bilans Alimentaires (2010-)","60","El Salvador","5611","Importations - Quantit?","2734","Viande de Volailles","2019","2019","Milliers de tonnes","19"
"FBS","Bilans Alimentaires (2010-)","60","El Salvador","5301","Disponibilit? int?rieure","2734","Viande de Volailles","2019","2019","Milliers de tonnes","164"
"FBS","Bilans Alimentaires (2010-)","58","?quateur","5511","Production","2734","Viande de Volailles","2019","2019","Milliers de tonnes","312"
"FBS","Bilans Alimentaires (2010-)","58","?quateur","5611","Importations - Quantit?","2734","Viande de Volailles","2019","2019","Milliers de tonnes","0"
"FBS","Bilans Alimentaires (2010-)","58","?quateur","5301","Disponibilit? int?rieure","2734","Viande de Volailles","2019","2019","Milliers de tonnes","313"
"FBS","Bilans Alimentaires (2010-)","203","Espagne","5511","Production","2734","Viande de Volailles","2019","2019","Milliers de tonnes","1631"
"FBS","Bilans Alimentaires (2010-)","203","Espagne","5611","Importations - Quantit?","2734","Viande de Volailles","2019","2019","Milliers de tonnes","188"
"FBS","Bilans Alimentaires (2010-)","203","Espagne","5301","Disponibilit? int?rieure","2734","Viande de Volailles","2019","2019","Milliers de tonnes","1571"
"FBS","Bilans Alimentaires (2010-)","63","Estonie","5511","Production","2734","Viande de Volailles","2019","2019","Milliers de tonnes","20"
"FBS","Bilans Alimentaires (2010-)","63","Estonie","5611","Importations - Quantit?","2734","Viande de Volailles","2019","2019","Milliers de tonnes","25"
"FBS","Bilans Alimentaires (2010-)","63","Estonie","5301","Disponibilit? int?rieure","2734","Viande de Volailles","2019","2019","Milliers de tonnes","29"
"FBS","Bilans Alimentaires (2010-)","209","Eswatini","5511","Production","2734","Viande de Volailles","2019","2019","Milliers de tonnes","6"
"FBS","Bilans Alimentaires (2010-)","209","Eswatini","5611","Importations - Quantit?","2734","Viande de Volailles","2019","2019","Milliers de tonnes","2"
"FBS","Bilans Alimentaires (2010-)","209","Eswatini","5301","Disponibilit? int?rieure","2734","Viande de Volailles","2019","2019","Milliers de tonnes","8"
"FBS","Bilans Alimentaires (2010-)","231","?tats-Unis d'Am?rique","5511","Production","2734","Viande de Volailles","2019","2019","Milliers de tonnes","22858"
"FBS","Bilans Alimentaires (2010-)","231","?tats-Unis d'Am?rique","5611","Importations - Quantit?","2734","Viande de Volailles","2019","2019","Milliers de tonnes","123"
"FBS","Bilans Alimentaires (2010-)","231","?tats-Unis d'Am?rique","5301","Disponibilit? int?rieure","2734","Viande de Volailles","2019","2019","Milliers de tonnes","19295"
"FBS","Bilans Alimentaires (2010-)","238","?thiopie","5511","Production","2734","Viande de Volailles","2019","2019","Milliers de tonnes","77"
"FBS","Bilans Alimentaires (2010-)","238","?thiopie","5611","Importations - Quantit?","2734","Viande de Volailles","2019","2019","Milliers de tonnes","1"
"FBS","Bilans Alimentaires (2010-)","238","?thiopie","5301","Disponibilit? int?rieure","2734","Viande de Volailles","2019","2019","Milliers de tonnes","78"
"FBS","Bilans Alimentaires (2010-)","185","F?d?ration de Russie","5511","Production","2734","Viande de Volailles","2019","2019","Milliers de tonnes","4606"
"FBS","Bilans Alimentaires (2010-)","185","F?d?ration de Russie","5611","Importations - Quantit?","2734","Viande de Volailles","2019","2019","Milliers de tonnes","232"
"FBS","Bilans Alimentaires (2010-)","185","F?d?ration de Russie","5301","Disponibilit? int?rieure","2734","Viande de Volailles","2019","2019","Milliers de tonnes","4608"
"FBS","Bilans Alimentaires (2010-)","66","Fidji","5511","Production","2734","Viande de Volailles","2019","2019","Milliers de tonnes","35"
"FBS","Bilans Alimentaires (2010-)","66","Fidji","5611","Importations - Quantit?","2734","Viande de Volailles","2019","2019","Milliers de tonnes","5"
"FBS","Bilans Alimentaires (2010-)","66","Fidji","5301","Disponibilit? int?rieure","2734","Viande de Volailles","2019","2019","Milliers de tonnes","39"
"FBS","Bilans Alimentaires (2010-)","67","Finlande","5511","Production","2734","Viande de Volailles","2019","2019","Milliers de tonnes","139"
"FBS","Bilans Alimentaires (2010-)","67","Finlande","5611","Importations - Quantit?","2734","Viande de Volailles","2019","2019","Milliers de tonnes","17"
"FBS","Bilans Alimentaires (2010-)","67","Finlande","5301","Disponibilit? int?rieure","2734","Viande de Volailles","2019","2019","Milliers de tonnes","117"
"FBS","Bilans Alimentaires (2010-)","68","France","5511","Production","2734","Viande de Volailles","2019","2019","Milliers de tonnes","1660"
"FBS","Bilans Alimentaires (2010-)","68","France","5611","Importations - Quantit?","2734","Viande de Volailles","2019","2019","Milliers de tonnes","541"
"FBS","Bilans Alimentaires (2010-)","68","France","5301","Disponibilit? int?rieure","2734","Viande de Volailles","2019","2019","Milliers de tonnes","1605"
"FBS","Bilans Alimentaires (2010-)","74","Gabon","5511","Production","2734","Viande de Volailles","2019","2019","Milliers de tonnes","4"
"FBS","Bilans Alimentaires (2010-)","74","Gabon","5611","Importations - Quantit?","2734","Viande de Volailles","2019","2019","Milliers de tonnes","72"
"FBS","Bilans Alimentaires (2010-)","74","Gabon","5301","Disponibilit? int?rieure","2734","Viande de Volailles","2019","2019","Milliers de tonnes","76"
"FBS","Bilans Alimentaires (2010-)","75","Gambie","5511","Production","2734","Viande de Volailles","2019","2019","Milliers de tonnes","2"
"FBS","Bilans Alimentaires (2010-)","75","Gambie","5611","Importations - Quantit?","2734","Viande de Volailles","2019","2019","Milliers de tonnes","25"
"FBS","Bilans Alimentaires (2010-)","75","Gambie","5301","Disponibilit? int?rieure","2734","Viande de Volailles","2019","2019","Milliers de tonnes","26"
"FBS","Bilans Alimentaires (2010-)","73","G?orgie","5511","Production","2734","Viande de Volailles","2019","2019","Milliers de tonnes","22"
"FBS","Bilans Alimentaires (2010-)","73","G?orgie","5611","Importations - Quantit?","2734","Viande de Volailles","2019","2019","Milliers de tonnes","54"
"FBS","Bilans Alimentaires (2010-)","73","G?orgie","5301","Disponibilit? int?rieure","2734","Viande de Volailles","2019","2019","Milliers de tonnes","68"
"FBS","Bilans Alimentaires (2010-)","81","Ghana","5511","Production","2734","Viande de Volailles","2019","2019","Milliers de tonnes","66"
"FBS","Bilans Alimentaires (2010-)","81","Ghana","5611","Importations - Quantit?","2734","Viande de Volailles","2019","2019","Milliers de tonnes","153"
"FBS","Bilans Alimentaires (2010-)","81","Ghana","5301","Disponibilit? int?rieure","2734","Viande de Volailles","2019","2019","Milliers de tonnes","219"
"FBS","Bilans Alimentaires (2010-)","84","Gr?ce","5511","Production","2734","Viande de Volailles","2019","2019","Milliers de tonnes","230"
"FBS","Bilans Alimentaires (2010-)","84","Gr?ce","5611","Importations - Quantit?","2734","Viande de Volailles","2019","2019","Milliers de tonnes","79"
"FBS","Bilans Alimentaires (2010-)","84","Gr?ce","5301","Disponibilit? int?rieure","2734","Viande de Volailles","2019","2019","Milliers de tonnes","269"
"FBS","Bilans Alimentaires (2010-)","86","Grenade","5511","Production","2734","Viande de Volailles","2019","2019","Milliers de tonnes","0"
"FBS","Bilans Alimentaires (2010-)","86","Grenade","5611","Importations - Quantit?","2734","Viande de Volailles","2019","2019","Milliers de tonnes","7"
"FBS","Bilans Alimentaires (2010-)","86","Grenade","5301","Disponibilit? int?rieure","2734","Viande de Volailles","2019","2019","Milliers de tonnes","8"
"FBS","Bilans Alimentaires (2010-)","89","Guatemala","5511","Production","2734","Viande de Volailles","2019","2019","Milliers de tonnes","234"
"FBS","Bilans Alimentaires (2010-)","89","Guatemala","5611","Importations - Quantit?","2734","Viande de Volailles","2019","2019","Milliers de tonnes","137"
"FBS","Bilans Alimentaires (2010-)","89","Guatemala","5301","Disponibilit? int?rieure","2734","Viande de Volailles","2019","2019","Milliers de tonnes","362"
"FBS","Bilans Alimentaires (2010-)","90","Guin?e","5511","Production","2734","Viande de Volailles","2019","2019","Milliers de tonnes","11"
"FBS","Bilans Alimentaires (2010-)","90","Guin?e","5611","Importations - Quantit?","2734","Viande de Volailles","2019","2019","Milliers de tonnes","40"
"FBS","Bilans Alimentaires (2010-)","90","Guin?e","5301","Disponibilit? int?rieure","2734","Viande de Volailles","2019","2019","Milliers de tonnes","35"
"FBS","Bilans Alimentaires (2010-)","175","Guin?e-Bissau","5511","Production","2734","Viande de Volailles","2019","2019","Milliers de tonnes","3"
"FBS","Bilans Alimentaires (2010-)","175","Guin?e-Bissau","5611","Importations - Quantit?","2734","Viande de Volailles","2019","2019","Milliers de tonnes","3"
"FBS","Bilans Alimentaires (2010-)","175","Guin?e-Bissau","5301","Disponibilit? int?rieure","2734","Viande de Volailles","2019","2019","Milliers de tonnes","5"
"FBS","Bilans Alimentaires (2010-)","91","Guyana","5511","Production","2734","Viande de Volailles","2019","2019","Milliers de tonnes","39"
"FBS","Bilans Alimentaires (2010-)","91","Guyana","5611","Importations - Quantit?","2734","Viande de Volailles","2019","2019","Milliers de tonnes","1"
"FBS","Bilans Alimentaires (2010-)","91","Guyana","5301","Disponibilit? int?rieure","2734","Viande de Volailles","2019","2019","Milliers de tonnes","32"
"FBS","Bilans Alimentaires (2010-)","93","Ha?ti","5511","Production","2734","Viande de Volailles","2019","2019","Milliers de tonnes","9"
"FBS","Bilans Alimentaires (2010-)","93","Ha?ti","5611","Importations - Quantit?","2734","Viande de Volailles","2019","2019","Milliers de tonnes","91"
"FBS","Bilans Alimentaires (2010-)","93","Ha?ti","5301","Disponibilit? int?rieure","2734","Viande de Volailles","2019","2019","Milliers de tonnes","101"
"FBS","Bilans Alimentaires (2010-)","95","Honduras","5511","Production","2734","Viande de Volailles","2019","2019","Milliers de tonnes","218"
"FBS","Bilans Alimentaires (2010-)","95","Honduras","5611","Importations - Quantit?","2734","Viande de Volailles","2019","2019","Milliers de tonnes","15"
"FBS","Bilans Alimentaires (2010-)","95","Honduras","5301","Disponibilit? int?rieure","2734","Viande de Volailles","2019","2019","Milliers de tonnes","232"
"FBS","Bilans Alimentaires (2010-)","97","Hongrie","5511","Production","2734","Viande de Volailles","2019","2019","Milliers de tonnes","532"
"FBS","Bilans Alimentaires (2010-)","97","Hongrie","5611","Importations - Quantit?","2734","Viande de Volailles","2019","2019","Milliers de tonnes","76"
"FBS","Bilans Alimentaires (2010-)","97","Hongrie","5301","Disponibilit? int?rieure","2734","Viande de Volailles","2019","2019","Milliers de tonnes","311"
"FBS","Bilans Alimentaires (2010-)","25","?les Salomon","5511","Production","2734","Viande de Volailles","2019","2019","Milliers de tonnes","0"
"FBS","Bilans Alimentaires (2010-)","25","?les Salomon","5611","Importations - Quantit?","2734","Viande de Volailles","2019","2019","Milliers de tonnes","4"
"FBS","Bilans Alimentaires (2010-)","25","?les Salomon","5301","Disponibilit? int?rieure","2734","Viande de Volailles","2019","2019","Milliers de tonnes","4"
"FBS","Bilans Alimentaires (2010-)","100","Inde","5511","Production","2734","Viande de Volailles","2019","2019","Milliers de tonnes","4232"
"FBS","Bilans Alimentaires (2010-)","100","Inde","5611","Importations - Quantit?","2734","Viande de Volailles","2019","2019","Milliers de tonnes","0"
"FBS","Bilans Alimentaires (2010-)","100","Inde","5301","Disponibilit? int?rieure","2734","Viande de Volailles","2019","2019","Milliers de tonnes","4226"
"FBS","Bilans Alimentaires (2010-)","101","Indon?sie","5511","Production","2734","Viande de Volailles","2019","2019","Milliers de tonnes","3539"
"FBS","Bilans Alimentaires (2010-)","101","Indon?sie","5611","Importations - Quantit?","2734","Viande de Volailles","2019","2019","Milliers de tonnes","0"
"FBS","Bilans Alimentaires (2010-)","101","Indon?sie","5301","Disponibilit? int?rieure","2734","Viande de Volailles","2019","2019","Milliers de tonnes","2176"
"FBS","Bilans Alimentaires (2010-)","102","Iran (R?publique islamique d')","5511","Production","2734","Viande de Volailles","2019","2019","Milliers de tonnes","2292"
"FBS","Bilans Alimentaires (2010-)","102","Iran (R?publique islamique d')","5611","Importations - Quantit?","2734","Viande de Volailles","2019","2019","Milliers de tonnes","4"
"FBS","Bilans Alimentaires (2010-)","102","Iran (R?publique islamique d')","5301","Disponibilit? int?rieure","2734","Viande de Volailles","2019","2019","Milliers de tonnes","2242"
"FBS","Bilans Alimentaires (2010-)","103","Iraq","5511","Production","2734","Viande de Volailles","2019","2019","Milliers de tonnes","101"
"FBS","Bilans Alimentaires (2010-)","103","Iraq","5611","Importations - Quantit?","2734","Viande de Volailles","2019","2019","Milliers de tonnes","108"
"FBS","Bilans Alimentaires (2010-)","103","Iraq","5301","Disponibilit? int?rieure","2734","Viande de Volailles","2019","2019","Milliers de tonnes","206"
"FBS","Bilans Alimentaires (2010-)","104","Irlande","5511","Production","2734","Viande de Volailles","2019","2019","Milliers de tonnes","154"
"FBS","Bilans Alimentaires (2010-)","104","Irlande","5611","Importations - Quantit?","2734","Viande de Volailles","2019","2019","Milliers de tonnes","95"
"FBS","Bilans Alimentaires (2010-)","104","Irlande","5301","Disponibilit? int?rieure","2734","Viande de Volailles","2019","2019","Milliers de tonnes","138"
"FBS","Bilans Alimentaires (2010-)","99","Islande","5511","Production","2734","Viande de Volailles","2019","2019","Milliers de tonnes","10"
"FBS","Bilans Alimentaires (2010-)","99","Islande","5611","Importations - Quantit?","2734","Viande de Volailles","2019","2019","Milliers de tonnes","2"
"FBS","Bilans Alimentaires (2010-)","99","Islande","5301","Disponibilit? int?rieure","2734","Viande de Volailles","2019","2019","Milliers de tonnes","11"
"FBS","Bilans Alimentaires (2010-)","105","Isra?l","5511","Production","2734","Viande de Volailles","2019","2019","Milliers de tonnes","617"
"FBS","Bilans Alimentaires (2010-)","105","Isra?l","5611","Importations - Quantit?","2734","Viande de Volailles","2019","2019","Milliers de tonnes","0"
"FBS","Bilans Alimentaires (2010-)","105","Isra?l","5301","Disponibilit? int?rieure","2734","Viande de Volailles","2019","2019","Milliers de tonnes","612"
"FBS","Bilans Alimentaires (2010-)","106","Italie","5511","Production","2734","Viande de Volailles","2019","2019","Milliers de tonnes","1358"
"FBS","Bilans Alimentaires (2010-)","106","Italie","5611","Importations - Quantit?","2734","Viande de Volailles","2019","2019","Milliers de tonnes","94"
"FBS","Bilans Alimentaires (2010-)","106","Italie","5301","Disponibilit? int?rieure","2734","Viande de Volailles","2019","2019","Milliers de tonnes","1171"
"FBS","Bilans Alimentaires (2010-)","109","Jama?que","5511","Production","2734","Viande de Volailles","2019","2019","Milliers de tonnes","134"
"FBS","Bilans Alimentaires (2010-)","109","Jama?que","5611","Importations - Quantit?","2734","Viande de Volailles","2019","2019","Milliers de tonnes","32"
"FBS","Bilans Alimentaires (2010-)","109","Jama?que","5301","Disponibilit? int?rieure","2734","Viande de Volailles","2019","2019","Milliers de tonnes","163"
"FBS","Bilans Alimentaires (2010-)","110","Japon","5511","Production","2734","Viande de Volailles","2019","2019","Milliers de tonnes","2298"
"FBS","Bilans Alimentaires (2010-)","110","Japon","5611","Importations - Quantit?","2734","Viande de Volailles","2019","2019","Milliers de tonnes","1094"
"FBS","Bilans Alimentaires (2010-)","110","Japon","5301","Disponibilit? int?rieure","2734","Viande de Volailles","2019","2019","Milliers de tonnes","2552"
"FBS","Bilans Alimentaires (2010-)","112","Jordanie","5511","Production","2734","Viande de Volailles","2019","2019","Milliers de tonnes","185"
"FBS","Bilans Alimentaires (2010-)","112","Jordanie","5611","Importations - Quantit?","2734","Viande de Volailles","2019","2019","Milliers de tonnes","62"
"FBS","Bilans Alimentaires (2010-)","112","Jordanie","5301","Disponibilit? int?rieure","2734","Viande de Volailles","2019","2019","Milliers de tonnes","237"
"FBS","Bilans Alimentaires (2010-)","108","Kazakhstan","5511","Production","2734","Viande de Volailles","2019","2019","Milliers de tonnes","214"
"FBS","Bilans Alimentaires (2010-)","108","Kazakhstan","5611","Importations - Quantit?","2734","Viande de Volailles","2019","2019","Milliers de tonnes","182"
"FBS","Bilans Alimentaires (2010-)","108","Kazakhstan","5301","Disponibilit? int?rieure","2734","Viande de Volailles","2019","2019","Milliers de tonnes","355"
"FBS","Bilans Alimentaires (2010-)","114","Kenya","5511","Production","2734","Viande de Volailles","2019","2019","Milliers de tonnes","89"
"FBS","Bilans Alimentaires (2010-)","114","Kenya","5611","Importations - Quantit?","2734","Viande de Volailles","2019","2019","Milliers de tonnes","0"
"FBS","Bilans Alimentaires (2010-)","114","Kenya","5301","Disponibilit? int?rieure","2734","Viande de Volailles","2019","2019","Milliers de tonnes","85"
"FBS","Bilans Alimentaires (2010-)","113","Kirghizistan","5511","Production","2734","Viande de Volailles","2019","2019","Milliers de tonnes","8"
"FBS","Bilans Alimentaires (2010-)","113","Kirghizistan","5611","Importations - Quantit?","2734","Viande de Volailles","2019","2019","Milliers de tonnes","34"
"FBS","Bilans Alimentaires (2010-)","113","Kirghizistan","5301","Disponibilit? int?rieure","2734","Viande de Volailles","2019","2019","Milliers de tonnes","42"
"FBS","Bilans Alimentaires (2010-)","83","Kiribati","5511","Production","2734","Viande de Volailles","2019","2019","Milliers de tonnes","1"
"FBS","Bilans Alimentaires (2010-)","83","Kiribati","5611","Importations - Quantit?","2734","Viande de Volailles","2019","2019","Milliers de tonnes","2"
"FBS","Bilans Alimentaires (2010-)","83","Kiribati","5301","Disponibilit? int?rieure","2734","Viande de Volailles","2019","2019","Milliers de tonnes","2"
"FBS","Bilans Alimentaires (2010-)","118","Kowe?t","5511","Production","2734","Viande de Volailles","2019","2019","Milliers de tonnes","56"
"FBS","Bilans Alimentaires (2010-)","118","Kowe?t","5611","Importations - Quantit?","2734","Viande de Volailles","2019","2019","Milliers de tonnes","154"
"FBS","Bilans Alimentaires (2010-)","118","Kowe?t","5301","Disponibilit? int?rieure","2734","Viande de Volailles","2019","2019","Milliers de tonnes","204"
"FBS","Bilans Alimentaires (2010-)","122","Lesotho","5511","Production","2734","Viande de Volailles","2019","2019","Milliers de tonnes","2"
"FBS","Bilans Alimentaires (2010-)","122","Lesotho","5611","Importations - Quantit?","2734","Viande de Volailles","2019","2019","Milliers de tonnes","19"
"FBS","Bilans Alimentaires (2010-)","122","Lesotho","5301","Disponibilit? int?rieure","2734","Viande de Volailles","2019","2019","Milliers de tonnes","16"
"FBS","Bilans Alimentaires (2010-)","119","Lettonie","5511","Production","2734","Viande de Volailles","2019","2019","Milliers de tonnes","35"
"FBS","Bilans Alimentaires (2010-)","119","Lettonie","5611","Importations - Quantit?","2734","Viande de Volailles","2019","2019","Milliers de tonnes","48"
"FBS","Bilans Alimentaires (2010-)","119","Lettonie","5301","Disponibilit? int?rieure","2734","Viande de Volailles","2019","2019","Milliers de tonnes","40"
"FBS","Bilans Alimentaires (2010-)","121","Liban","5511","Production","2734","Viande de Volailles","2019","2019","Milliers de tonnes","126"
"FBS","Bilans Alimentaires (2010-)","121","Liban","5611","Importations - Quantit?","2734","Viande de Volailles","2019","2019","Milliers de tonnes","16"
"FBS","Bilans Alimentaires (2010-)","121","Liban","5301","Disponibilit? int?rieure","2734","Viande de Volailles","2019","2019","Milliers de tonnes","119"
"FBS","Bilans Alimentaires (2010-)","123","Lib?ria","5511","Production","2734","Viande de Volailles","2019","2019","Milliers de tonnes","16"
"FBS","Bilans Alimentaires (2010-)","123","Lib?ria","5611","Importations - Quantit?","2734","Viande de Volailles","2019","2019","Milliers de tonnes","36"
"FBS","Bilans Alimentaires (2010-)","123","Lib?ria","5301","Disponibilit? int?rieure","2734","Viande de Volailles","2019","2019","Milliers de tonnes","52"
"FBS","Bilans Alimentaires (2010-)","124","Libye","5511","Production","2734","Viande de Volailles","2019","2019","Milliers de tonnes","124"
"FBS","Bilans Alimentaires (2010-)","124","Libye","5611","Importations - Quantit?","2734","Viande de Volailles","2019","2019","Milliers de tonnes","76"
"FBS","Bilans Alimentaires (2010-)","124","Libye","5301","Disponibilit? int?rieure","2734","Viande de Volailles","2019","2019","Milliers de tonnes","200"
"FBS","Bilans Alimentaires (2010-)","126","Lituanie","5511","Production","2734","Viande de Volailles","2019","2019","Milliers de tonnes","100"
"FBS","Bilans Alimentaires (2010-)","126","Lituanie","5611","Importations - Quantit?","2734","Viande de Volailles","2019","2019","Milliers de tonnes","49"
"FBS","Bilans Alimentaires (2010-)","126","Lituanie","5301","Disponibilit? int?rieure","2734","Viande de Volailles","2019","2019","Milliers de tonnes","85"
"FBS","Bilans Alimentaires (2010-)","256","Luxembourg","5511","Production","2734","Viande de Volailles","2019","2019","Milliers de tonnes","0"
"FBS","Bilans Alimentaires (2010-)","256","Luxembourg","5611","Importations - Quantit?","2734","Viande de Volailles","2019","2019","Milliers de tonnes","12"
"FBS","Bilans Alimentaires (2010-)","256","Luxembourg","5301","Disponibilit? int?rieure","2734","Viande de Volailles","2019","2019","Milliers de tonnes","12"
"FBS","Bilans Alimentaires (2010-)","154","Mac?doine du Nord","5511","Production","2734","Viande de Volailles","2019","2019","Milliers de tonnes","1"
"FBS","Bilans Alimentaires (2010-)","154","Mac?doine du Nord","5611","Importations - Quantit?","2734","Viande de Volailles","2019","2019","Milliers de tonnes","41"
"FBS","Bilans Alimentaires (2010-)","154","Mac?doine du Nord","5301","Disponibilit? int?rieure","2734","Viande de Volailles","2019","2019","Milliers de tonnes","42"
"FBS","Bilans Alimentaires (2010-)","129","Madagascar","5511","Production","2734","Viande de Volailles","2019","2019","Milliers de tonnes","85"
"FBS","Bilans Alimentaires (2010-)","129","Madagascar","5611","Importations - Quantit?","2734","Viande de Volailles","2019","2019","Milliers de tonnes","0"
"FBS","Bilans Alimentaires (2010-)","129","Madagascar","5301","Disponibilit? int?rieure","2734","Viande de Volailles","2019","2019","Milliers de tonnes","85"
"FBS","Bilans Alimentaires (2010-)","131","Malaisie","5511","Production","2734","Viande de Volailles","2019","2019","Milliers de tonnes","1717"
"FBS","Bilans Alimentaires (2010-)","131","Malaisie","5611","Importations - Quantit?","2734","Viande de Volailles","2019","2019","Milliers de tonnes","73"
"FBS","Bilans Alimentaires (2010-)","131","Malaisie","5301","Disponibilit? int?rieure","2734","Viande de Volailles","2019","2019","Milliers de tonnes","1248"
"FBS","Bilans Alimentaires (2010-)","130","Malawi","5511","Production","2734","Viande de Volailles","2019","2019","Milliers de tonnes","136"
"FBS","Bilans Alimentaires (2010-)","130","Malawi","5611","Importations - Quantit?","2734","Viande de Volailles","2019","2019","Milliers de tonnes","0"
"FBS","Bilans Alimentaires (2010-)","130","Malawi","5301","Disponibilit? int?rieure","2734","Viande de Volailles","2019","2019","Milliers de tonnes","136"
"FBS","Bilans Alimentaires (2010-)","132","Maldives","5611","Importations - Quantit?","2734","Viande de Volailles","2019","2019","Milliers de tonnes","11"
"FBS","Bilans Alimentaires (2010-)","132","Maldives","5301","Disponibilit? int?rieure","2734","Viande de Volailles","2019","2019","Milliers de tonnes","12"
"FBS","Bilans Alimentaires (2010-)","133","Mali","5511","Production","2734","Viande de Volailles","2019","2019","Milliers de tonnes","55"
"FBS","Bilans Alimentaires (2010-)","133","Mali","5611","Importations - Quantit?","2734","Viande de Volailles","2019","2019","Milliers de tonnes","1"
"FBS","Bilans Alimentaires (2010-)","133","Mali","5301","Disponibilit? int?rieure","2734","Viande de Volailles","2019","2019","Milliers de tonnes","48"
"FBS","Bilans Alimentaires (2010-)","134","Malte","5511","Production","2734","Viande de Volailles","2019","2019","Milliers de tonnes","4"
"FBS","Bilans Alimentaires (2010-)","134","Malte","5611","Importations - Quantit?","2734","Viande de Volailles","2019","2019","Milliers de tonnes","9"
"FBS","Bilans Alimentaires (2010-)","134","Malte","5301","Disponibilit? int?rieure","2734","Viande de Volailles","2019","2019","Milliers de tonnes","13"
"FBS","Bilans Alimentaires (2010-)","143","Maroc","5511","Production","2734","Viande de Volailles","2019","2019","Milliers de tonnes","861"
"FBS","Bilans Alimentaires (2010-)","143","Maroc","5611","Importations - Quantit?","2734","Viande de Volailles","2019","2019","Milliers de tonnes","7"
"FBS","Bilans Alimentaires (2010-)","143","Maroc","5301","Disponibilit? int?rieure","2734","Viande de Volailles","2019","2019","Milliers de tonnes","751"
"FBS","Bilans Alimentaires (2010-)","137","Maurice","5511","Production","2734","Viande de Volailles","2019","2019","Milliers de tonnes","51"
"FBS","Bilans Alimentaires (2010-)","137","Maurice","5611","Importations - Quantit?","2734","Viande de Volailles","2019","2019","Milliers de tonnes","4"
"FBS","Bilans Alimentaires (2010-)","137","Maurice","5301","Disponibilit? int?rieure","2734","Viande de Volailles","2019","2019","Milliers de tonnes","55"
"FBS","Bilans Alimentaires (2010-)","136","Mauritanie","5511","Production","2734","Viande de Volailles","2019","2019","Milliers de tonnes","5"
"FBS","Bilans Alimentaires (2010-)","136","Mauritanie","5611","Importations - Quantit?","2734","Viande de Volailles","2019","2019","Milliers de tonnes","31"
"FBS","Bilans Alimentaires (2010-)","136","Mauritanie","5301","Disponibilit? int?rieure","2734","Viande de Volailles","2019","2019","Milliers de tonnes","30"
"FBS","Bilans Alimentaires (2010-)","138","Mexique","5511","Production","2734","Viande de Volailles","2019","2019","Milliers de tonnes","3515"
"FBS","Bilans Alimentaires (2010-)","138","Mexique","5611","Importations - Quantit?","2734","Viande de Volailles","2019","2019","Milliers de tonnes","1033"
"FBS","Bilans Alimentaires (2010-)","138","Mexique","5301","Disponibilit? int?rieure","2734","Viande de Volailles","2019","2019","Milliers de tonnes","4543"
"FBS","Bilans Alimentaires (2010-)","141","Mongolie","5511","Production","2734","Viande de Volailles","2019","2019","Milliers de tonnes","0"
"FBS","Bilans Alimentaires (2010-)","141","Mongolie","5611","Importations - Quantit?","2734","Viande de Volailles","2019","2019","Milliers de tonnes","14"
"FBS","Bilans Alimentaires (2010-)","141","Mongolie","5301","Disponibilit? int?rieure","2734","Viande de Volailles","2019","2019","Milliers de tonnes","10"
"FBS","Bilans Alimentaires (2010-)","273","Mont?n?gro","5511","Production","2734","Viande de Volailles","2019","2019","Milliers de tonnes","4"
"FBS","Bilans Alimentaires (2010-)","273","Mont?n?gro","5611","Importations - Quantit?","2734","Viande de Volailles","2019","2019","Milliers de tonnes","7"
"FBS","Bilans Alimentaires (2010-)","273","Mont?n?gro","5301","Disponibilit? int?rieure","2734","Viande de Volailles","2019","2019","Milliers de tonnes","10"
"FBS","Bilans Alimentaires (2010-)","144","Mozambique","5511","Production","2734","Viande de Volailles","2019","2019","Milliers de tonnes","112"
"FBS","Bilans Alimentaires (2010-)","144","Mozambique","5611","Importations - Quantit?","2734","Viande de Volailles","2019","2019","Milliers de tonnes","24"
"FBS","Bilans Alimentaires (2010-)","144","Mozambique","5301","Disponibilit? int?rieure","2734","Viande de Volailles","2019","2019","Milliers de tonnes","120"
"FBS","Bilans Alimentaires (2010-)","28","Myanmar","5511","Production","2734","Viande de Volailles","2019","2019","Milliers de tonnes","1817"
"FBS","Bilans Alimentaires (2010-)","28","Myanmar","5611","Importations - Quantit?","2734","Viande de Volailles","2019","2019","Milliers de tonnes","1"
"FBS","Bilans Alimentaires (2010-)","28","Myanmar","5301","Disponibilit? int?rieure","2734","Viande de Volailles","2019","2019","Milliers de tonnes","1818"
"FBS","Bilans Alimentaires (2010-)","147","Namibie","5511","Production","2734","Viande de Volailles","2019","2019","Milliers de tonnes","11"
"FBS","Bilans Alimentaires (2010-)","147","Namibie","5611","Importations - Quantit?","2734","Viande de Volailles","2019","2019","Milliers de tonnes","31"
"FBS","Bilans Alimentaires (2010-)","147","Namibie","5301","Disponibilit? int?rieure","2734","Viande de Volailles","2019","2019","Milliers de tonnes","29"
"FBS","Bilans Alimentaires (2010-)","149","N?pal","5511","Production","2734","Viande de Volailles","2019","2019","Milliers de tonnes","63"
"FBS","Bilans Alimentaires (2010-)","149","N?pal","5611","Importations - Quantit?","2734","Viande de Volailles","2019","2019","Milliers de tonnes","0"
"FBS","Bilans Alimentaires (2010-)","149","N?pal","5301","Disponibilit? int?rieure","2734","Viande de Volailles","2019","2019","Milliers de tonnes","63"
"FBS","Bilans Alimentaires (2010-)","157","Nicaragua","5511","Production","2734","Viande de Volailles","2019","2019","Milliers de tonnes","140"
"FBS","Bilans Alimentaires (2010-)","157","Nicaragua","5611","Importations - Quantit?","2734","Viande de Volailles","2019","2019","Milliers de tonnes","7"
"FBS","Bilans Alimentaires (2010-)","157","Nicaragua","5301","Disponibilit? int?rieure","2734","Viande de Volailles","2019","2019","Milliers de tonnes","131"
"FBS","Bilans Alimentaires (2010-)","158","Niger","5511","Production","2734","Viande de Volailles","2019","2019","Milliers de tonnes","19"
"FBS","Bilans Alimentaires (2010-)","158","Niger","5611","Importations - Quantit?","2734","Viande de Volailles","2019","2019","Milliers de tonnes","3"
"FBS","Bilans Alimentaires (2010-)","158","Niger","5301","Disponibilit? int?rieure","2734","Viande de Volailles","2019","2019","Milliers de tonnes","26"
"FBS","Bilans Alimentaires (2010-)","159","Nig?ria","5511","Production","2734","Viande de Volailles","2019","2019","Milliers de tonnes","240"
"FBS","Bilans Alimentaires (2010-)","159","Nig?ria","5611","Importations - Quantit?","2734","Viande de Volailles","2019","2019","Milliers de tonnes","12"
"FBS","Bilans Alimentaires (2010-)","159","Nig?ria","5301","Disponibilit? int?rieure","2734","Viande de Volailles","2019","2019","Milliers de tonnes","252"
"FBS","Bilans Alimentaires (2010-)","162","Norv?ge","5511","Production","2734","Viande de Volailles","2019","2019","Milliers de tonnes","107"
"FBS","Bilans Alimentaires (2010-)","162","Norv?ge","5611","Importations - Quantit?","2734","Viande de Volailles","2019","2019","Milliers de tonnes","3"
"FBS","Bilans Alimentaires (2010-)","162","Norv?ge","5301","Disponibilit? int?rieure","2734","Viande de Volailles","2019","2019","Milliers de tonnes","109"
"FBS","Bilans Alimentaires (2010-)","153","Nouvelle-Cal?donie","5511","Production","2734","Viande de Volailles","2019","2019","Milliers de tonnes","1"
"FBS","Bilans Alimentaires (2010-)","153","Nouvelle-Cal?donie","5611","Importations - Quantit?","2734","Viande de Volailles","2019","2019","Milliers de tonnes","10"
"FBS","Bilans Alimentaires (2010-)","153","Nouvelle-Cal?donie","5301","Disponibilit? int?rieure","2734","Viande de Volailles","2019","2019","Milliers de tonnes","11"
"FBS","Bilans Alimentaires (2010-)","156","Nouvelle-Z?lande","5511","Production","2734","Viande de Volailles","2019","2019","Milliers de tonnes","240"
"FBS","Bilans Alimentaires (2010-)","156","Nouvelle-Z?lande","5611","Importations - Quantit?","2734","Viande de Volailles","2019","2019","Milliers de tonnes","1"
"FBS","Bilans Alimentaires (2010-)","156","Nouvelle-Z?lande","5301","Disponibilit? int?rieure","2734","Viande de Volailles","2019","2019","Milliers de tonnes","223"
"FBS","Bilans Alimentaires (2010-)","221","Oman","5511","Production","2734","Viande de Volailles","2019","2019","Milliers de tonnes","7"
"FBS","Bilans Alimentaires (2010-)","221","Oman","5611","Importations - Quantit?","2734","Viande de Volailles","2019","2019","Milliers de tonnes","115"
"FBS","Bilans Alimentaires (2010-)","221","Oman","5301","Disponibilit? int?rieure","2734","Viande de Volailles","2019","2019","Milliers de tonnes","113"
"FBS","Bilans Alimentaires (2010-)","226","Ouganda","5511","Production","2734","Viande de Volailles","2019","2019","Milliers de tonnes","69"
"FBS","Bilans Alimentaires (2010-)","226","Ouganda","5611","Importations - Quantit?","2734","Viande de Volailles","2019","2019","Milliers de tonnes","0"
"FBS","Bilans Alimentaires (2010-)","226","Ouganda","5301","Disponibilit? int?rieure","2734","Viande de Volailles","2019","2019","Milliers de tonnes","68"
"FBS","Bilans Alimentaires (2010-)","235","Ouzb?kistan","5511","Production","2734","Viande de Volailles","2019","2019","Milliers de tonnes","64"
"FBS","Bilans Alimentaires (2010-)","235","Ouzb?kistan","5611","Importations - Quantit?","2734","Viande de Volailles","2019","2019","Milliers de tonnes","21"
"FBS","Bilans Alimentaires (2010-)","235","Ouzb?kistan","5301","Disponibilit? int?rieure","2734","Viande de Volailles","2019","2019","Milliers de tonnes","80"
"FBS","Bilans Alimentaires (2010-)","165","Pakistan","5511","Production","2734","Viande de Volailles","2019","2019","Milliers de tonnes","1523"
"FBS","Bilans Alimentaires (2010-)","165","Pakistan","5611","Importations - Quantit?","2734","Viande de Volailles","2019","2019","Milliers de tonnes","0"
"FBS","Bilans Alimentaires (2010-)","165","Pakistan","5301","Disponibilit? int?rieure","2734","Viande de Volailles","2019","2019","Milliers de tonnes","1064"
"FBS","Bilans Alimentaires (2010-)","166","Panama","5511","Production","2734","Viande de Volailles","2019","2019","Milliers de tonnes","224"
"FBS","Bilans Alimentaires (2010-)","166","Panama","5611","Importations - Quantit?","2734","Viande de Volailles","2019","2019","Milliers de tonnes","22"
"FBS","Bilans Alimentaires (2010-)","166","Panama","5301","Disponibilit? int?rieure","2734","Viande de Volailles","2019","2019","Milliers de tonnes","246"
"FBS","Bilans Alimentaires (2010-)","168","Papouasie-Nouvelle-Guin?e","5511","Production","2734","Viande de Volailles","2019","2019","Milliers de tonnes","7"
"FBS","Bilans Alimentaires (2010-)","168","Papouasie-Nouvelle-Guin?e","5611","Importations - Quantit?","2734","Viande de Volailles","2019","2019","Milliers de tonnes","30"
"FBS","Bilans Alimentaires (2010-)","168","Papouasie-Nouvelle-Guin?e","5301","Disponibilit? int?rieure","2734","Viande de Volailles","2019","2019","Milliers de tonnes","34"
"FBS","Bilans Alimentaires (2010-)","169","Paraguay","5511","Production","2734","Viande de Volailles","2019","2019","Milliers de tonnes","77"
"FBS","Bilans Alimentaires (2010-)","169","Paraguay","5611","Importations - Quantit?","2734","Viande de Volailles","2019","2019","Milliers de tonnes","1"
"FBS","Bilans Alimentaires (2010-)","169","Paraguay","5301","Disponibilit? int?rieure","2734","Viande de Volailles","2019","2019","Milliers de tonnes","72"
"FBS","Bilans Alimentaires (2010-)","150","Pays-Bas","5511","Production","2734","Viande de Volailles","2019","2019","Milliers de tonnes","1036"
"FBS","Bilans Alimentaires (2010-)","150","Pays-Bas","5611","Importations - Quantit?","2734","Viande de Volailles","2019","2019","Milliers de tonnes","602"
"FBS","Bilans Alimentaires (2010-)","150","Pays-Bas","5301","Disponibilit? int?rieure","2734","Viande de Volailles","2019","2019","Milliers de tonnes","149"
"FBS","Bilans Alimentaires (2010-)","170","P?rou","5511","Production","2734","Viande de Volailles","2019","2019","Milliers de tonnes","1763"
"FBS","Bilans Alimentaires (2010-)","170","P?rou","5611","Importations - Quantit?","2734","Viande de Volailles","2019","2019","Milliers de tonnes","71"
"FBS","Bilans Alimentaires (2010-)","170","P?rou","5301","Disponibilit? int?rieure","2734","Viande de Volailles","2019","2019","Milliers de tonnes","1710"
"FBS","Bilans Alimentaires (2010-)","171","Philippines","5511","Production","2734","Viande de Volailles","2019","2019","Milliers de tonnes","1466"
"FBS","Bilans Alimentaires (2010-)","171","Philippines","5611","Importations - Quantit?","2734","Viande de Volailles","2019","2019","Milliers de tonnes","306"
"FBS","Bilans Alimentaires (2010-)","171","Philippines","5301","Disponibilit? int?rieure","2734","Viande de Volailles","2019","2019","Milliers de tonnes","1437"
"FBS","Bilans Alimentaires (2010-)","173","Pologne","5511","Production","2734","Viande de Volailles","2019","2019","Milliers de tonnes","2558"
"FBS","Bilans Alimentaires (2010-)","173","Pologne","5611","Importations - Quantit?","2734","Viande de Volailles","2019","2019","Milliers de tonnes","88"
"FBS","Bilans Alimentaires (2010-)","173","Pologne","5301","Disponibilit? int?rieure","2734","Viande de Volailles","2019","2019","Milliers de tonnes","1159"
"FBS","Bilans Alimentaires (2010-)","70","Polyn?sie fran?aise","5511","Production","2734","Viande de Volailles","2019","2019","Milliers de tonnes","1"
"FBS","Bilans Alimentaires (2010-)","70","Polyn?sie fran?aise","5611","Importations - Quantit?","2734","Viande de Volailles","2019","2019","Milliers de tonnes","17"
"FBS","Bilans Alimentaires (2010-)","70","Polyn?sie fran?aise","5301","Disponibilit? int?rieure","2734","Viande de Volailles","2019","2019","Milliers de tonnes","17"
"FBS","Bilans Alimentaires (2010-)","174","Portugal","5511","Production","2734","Viande de Volailles","2019","2019","Milliers de tonnes","350"
"FBS","Bilans Alimentaires (2010-)","174","Portugal","5611","Importations - Quantit?","2734","Viande de Volailles","2019","2019","Milliers de tonnes","90"
"FBS","Bilans Alimentaires (2010-)","174","Portugal","5301","Disponibilit? int?rieure","2734","Viande de Volailles","2019","2019","Milliers de tonnes","335"
"FBS","Bilans Alimentaires (2010-)","212","R?publique arabe syrienne","5511","Production","2734","Viande de Volailles","2019","2019","Milliers de tonnes","122"
"FBS","Bilans Alimentaires (2010-)","212","R?publique arabe syrienne","5611","Importations - Quantit?","2734","Viande de Volailles","2019","2019","Milliers de tonnes","23"
"FBS","Bilans Alimentaires (2010-)","212","R?publique arabe syrienne","5301","Disponibilit? int?rieure","2734","Viande de Volailles","2019","2019","Milliers de tonnes","137"
"FBS","Bilans Alimentaires (2010-)","37","R?publique centrafricaine","5511","Production","2734","Viande de Volailles","2019","2019","Milliers de tonnes","7"
"FBS","Bilans Alimentaires (2010-)","37","R?publique centrafricaine","5611","Importations - Quantit?","2734","Viande de Volailles","2019","2019","Milliers de tonnes","6"
"FBS","Bilans Alimentaires (2010-)","37","R?publique centrafricaine","5301","Disponibilit? int?rieure","2734","Viande de Volailles","2019","2019","Milliers de tonnes","13"
"FBS","Bilans Alimentaires (2010-)","117","R?publique de Cor?e","5511","Production","2734","Viande de Volailles","2019","2019","Milliers de tonnes","951"
"FBS","Bilans Alimentaires (2010-)","117","R?publique de Cor?e","5611","Importations - Quantit?","2734","Viande de Volailles","2019","2019","Milliers de tonnes","185"
"FBS","Bilans Alimentaires (2010-)","117","R?publique de Cor?e","5301","Disponibilit? int?rieure","2734","Viande de Volailles","2019","2019","Milliers de tonnes","1085"
"FBS","Bilans Alimentaires (2010-)","146","R?publique de Moldova","5511","Production","2734","Viande de Volailles","2019","2019","Milliers de tonnes","43"
"FBS","Bilans Alimentaires (2010-)","146","R?publique de Moldova","5611","Importations - Quantit?","2734","Viande de Volailles","2019","2019","Milliers de tonnes","23"
"FBS","Bilans Alimentaires (2010-)","146","R?publique de Moldova","5301","Disponibilit? int?rieure","2734","Viande de Volailles","2019","2019","Milliers de tonnes","67"
"FBS","Bilans Alimentaires (2010-)","250","R?publique d?mocratique du Congo","5511","Production","2734","Viande de Volailles","2019","2019","Milliers de tonnes","10"
"FBS","Bilans Alimentaires (2010-)","250","R?publique d?mocratique du Congo","5611","Importations - Quantit?","2734","Viande de Volailles","2019","2019","Milliers de tonnes","130"
"FBS","Bilans Alimentaires (2010-)","250","R?publique d?mocratique du Congo","5301","Disponibilit? int?rieure","2734","Viande de Volailles","2019","2019","Milliers de tonnes","140"
"FBS","Bilans Alimentaires (2010-)","120","R?publique d?mocratique populaire lao","5511","Production","2734","Viande de Volailles","2019","2019","Milliers de tonnes","36"
"FBS","Bilans Alimentaires (2010-)","120","R?publique d?mocratique populaire lao","5611","Importations - Quantit?","2734","Viande de Volailles","2019","2019","Milliers de tonnes","4"
"FBS","Bilans Alimentaires (2010-)","120","R?publique d?mocratique populaire lao","5301","Disponibilit? int?rieure","2734","Viande de Volailles","2019","2019","Milliers de tonnes","40"
"FBS","Bilans Alimentaires (2010-)","56","R?publique dominicaine","5511","Production","2734","Viande de Volailles","2019","2019","Milliers de tonnes","355"
"FBS","Bilans Alimentaires (2010-)","56","R?publique dominicaine","5611","Importations - Quantit?","2734","Viande de Volailles","2019","2019","Milliers de tonnes","54"
"FBS","Bilans Alimentaires (2010-)","56","R?publique dominicaine","5301","Disponibilit? int?rieure","2734","Viande de Volailles","2019","2019","Milliers de tonnes","409"
"FBS","Bilans Alimentaires (2010-)","116","R?publique populaire d?mocratique de Cor?e","5511","Production","2734","Viande de Volailles","2019","2019","Milliers de tonnes","44"
"FBS","Bilans Alimentaires (2010-)","116","R?publique populaire d?mocratique de Cor?e","5611","Importations - Quantit?","2734","Viande de Volailles","2019","2019","Milliers de tonnes","6"
"FBS","Bilans Alimentaires (2010-)","116","R?publique populaire d?mocratique de Cor?e","5301","Disponibilit? int?rieure","2734","Viande de Volailles","2019","2019","Milliers de tonnes","41"
"FBS","Bilans Alimentaires (2010-)","215","R?publique-Unie de Tanzanie","5511","Production","2734","Viande de Volailles","2019","2019","Milliers de tonnes","81"
"FBS","Bilans Alimentaires (2010-)","215","R?publique-Unie de Tanzanie","5611","Importations - Quantit?","2734","Viande de Volailles","2019","2019","Milliers de tonnes","6"
"FBS","Bilans Alimentaires (2010-)","215","R?publique-Unie de Tanzanie","5301","Disponibilit? int?rieure","2734","Viande de Volailles","2019","2019","Milliers de tonnes","86"
"FBS","Bilans Alimentaires (2010-)","183","Roumanie","5511","Production","2734","Viande de Volailles","2019","2019","Milliers de tonnes","507"
"FBS","Bilans Alimentaires (2010-)","183","Roumanie","5611","Importations - Quantit?","2734","Viande de Volailles","2019","2019","Milliers de tonnes","130"
"FBS","Bilans Alimentaires (2010-)","183","Roumanie","5301","Disponibilit? int?rieure","2734","Viande de Volailles","2019","2019","Milliers de tonnes","466"
"FBS","Bilans Alimentaires (2010-)","229","Royaume-Uni de Grande-Bretagne et d'Irlande du Nord","5511","Production","2734","Viande de Volailles","2019","2019","Milliers de tonnes","1902"
"FBS","Bilans Alimentaires (2010-)","229","Royaume-Uni de Grande-Bretagne et d'Irlande du Nord","5611","Importations - Quantit?","2734","Viande de Volailles","2019","2019","Milliers de tonnes","798"
"FBS","Bilans Alimentaires (2010-)","229","Royaume-Uni de Grande-Bretagne et d'Irlande du Nord","5301","Disponibilit? int?rieure","2734","Viande de Volailles","2019","2019","Milliers de tonnes","2336"
"FBS","Bilans Alimentaires (2010-)","184","Rwanda","5511","Production","2734","Viande de Volailles","2019","2019","Milliers de tonnes","19"
"FBS","Bilans Alimentaires (2010-)","184","Rwanda","5611","Importations - Quantit?","2734","Viande de Volailles","2019","2019","Milliers de tonnes","0"
"FBS","Bilans Alimentaires (2010-)","184","Rwanda","5301","Disponibilit? int?rieure","2734","Viande de Volailles","2019","2019","Milliers de tonnes","21"
"FBS","Bilans Alimentaires (2010-)","189","Sainte-Lucie","5511","Production","2734","Viande de Volailles","2019","2019","Milliers de tonnes","1"
"FBS","Bilans Alimentaires (2010-)","189","Sainte-Lucie","5611","Importations - Quantit?","2734","Viande de Volailles","2019","2019","Milliers de tonnes","5"
"FBS","Bilans Alimentaires (2010-)","189","Sainte-Lucie","5301","Disponibilit? int?rieure","2734","Viande de Volailles","2019","2019","Milliers de tonnes","6"
"FBS","Bilans Alimentaires (2010-)","188","Saint-Kitts-et-Nevis","5511","Production","2734","Viande de Volailles","2019","2019","Milliers de tonnes","0"
"FBS","Bilans Alimentaires (2010-)","188","Saint-Kitts-et-Nevis","5611","Importations - Quantit?","2734","Viande de Volailles","2019","2019","Milliers de tonnes","4"
"FBS","Bilans Alimentaires (2010-)","188","Saint-Kitts-et-Nevis","5301","Disponibilit? int?rieure","2734","Viande de Volailles","2019","2019","Milliers de tonnes","4"
"FBS","Bilans Alimentaires (2010-)","191","Saint-Vincent-et-les Grenadines","5511","Production","2734","Viande de Volailles","2019","2019","Milliers de tonnes","0"
"FBS","Bilans Alimentaires (2010-)","191","Saint-Vincent-et-les Grenadines","5611","Importations - Quantit?","2734","Viande de Volailles","2019","2019","Milliers de tonnes","8"
"FBS","Bilans Alimentaires (2010-)","191","Saint-Vincent-et-les Grenadines","5301","Disponibilit? int?rieure","2734","Viande de Volailles","2019","2019","Milliers de tonnes","9"
"FBS","Bilans Alimentaires (2010-)","244","Samoa","5511","Production","2734","Viande de Volailles","2019","2019","Milliers de tonnes","0"
"FBS","Bilans Alimentaires (2010-)","244","Samoa","5611","Importations - Quantit?","2734","Viande de Volailles","2019","2019","Milliers de tonnes","20"
"FBS","Bilans Alimentaires (2010-)","244","Samoa","5301","Disponibilit? int?rieure","2734","Viande de Volailles","2019","2019","Milliers de tonnes","17"
"FBS","Bilans Alimentaires (2010-)","193","Sao Tom?-et-Principe","5511","Production","2734","Viande de Volailles","2019","2019","Milliers de tonnes","1"
"FBS","Bilans Alimentaires (2010-)","193","Sao Tom?-et-Principe","5611","Importations - Quantit?","2734","Viande de Volailles","2019","2019","Milliers de tonnes","3"
"FBS","Bilans Alimentaires (2010-)","193","Sao Tom?-et-Principe","5301","Disponibilit? int?rieure","2734","Viande de Volailles","2019","2019","Milliers de tonnes","3"
"FBS","Bilans Alimentaires (2010-)","195","S?n?gal","5511","Production","2734","Viande de Volailles","2019","2019","Milliers de tonnes","114"
"FBS","Bilans Alimentaires (2010-)","195","S?n?gal","5611","Importations - Quantit?","2734","Viande de Volailles","2019","2019","Milliers de tonnes","0"
"FBS","Bilans Alimentaires (2010-)","195","S?n?gal","5301","Disponibilit? int?rieure","2734","Viande de Volailles","2019","2019","Milliers de tonnes","115"
"FBS","Bilans Alimentaires (2010-)","272","Serbie","5511","Production","2734","Viande de Volailles","2019","2019","Milliers de tonnes","104"
"FBS","Bilans Alimentaires (2010-)","272","Serbie","5611","Importations - Quantit?","2734","Viande de Volailles","2019","2019","Milliers de tonnes","17"
"FBS","Bilans Alimentaires (2010-)","272","Serbie","5301","Disponibilit? int?rieure","2734","Viande de Volailles","2019","2019","Milliers de tonnes","112"
"FBS","Bilans Alimentaires (2010-)","196","Seychelles","5511","Production","2734","Viande de Volailles","2019","2019","Milliers de tonnes","1"
"FBS","Bilans Alimentaires (2010-)","196","Seychelles","5611","Importations - Quantit?","2734","Viande de Volailles","2019","2019","Milliers de tonnes","3"
"FBS","Bilans Alimentaires (2010-)","196","Seychelles","5301","Disponibilit? int?rieure","2734","Viande de Volailles","2019","2019","Milliers de tonnes","4"
"FBS","Bilans Alimentaires (2010-)","197","Sierra Leone","5511","Production","2734","Viande de Volailles","2019","2019","Milliers de tonnes","20"
"FBS","Bilans Alimentaires (2010-)","197","Sierra Leone","5611","Importations - Quantit?","2734","Viande de Volailles","2019","2019","Milliers de tonnes","20"
"FBS","Bilans Alimentaires (2010-)","197","Sierra Leone","5301","Disponibilit? int?rieure","2734","Viande de Volailles","2019","2019","Milliers de tonnes","32"
"FBS","Bilans Alimentaires (2010-)","199","Slovaquie","5511","Production","2734","Viande de Volailles","2019","2019","Milliers de tonnes","71"
"FBS","Bilans Alimentaires (2010-)","199","Slovaquie","5611","Importations - Quantit?","2734","Viande de Volailles","2019","2019","Milliers de tonnes","104"
"FBS","Bilans Alimentaires (2010-)","199","Slovaquie","5301","Disponibilit? int?rieure","2734","Viande de Volailles","2019","2019","Milliers de tonnes","96"
"FBS","Bilans Alimentaires (2010-)","198","Slov?nie","5511","Production","2734","Viande de Volailles","2019","2019","Milliers de tonnes","70"
"FBS","Bilans Alimentaires (2010-)","198","Slov?nie","5611","Importations - Quantit?","2734","Viande de Volailles","2019","2019","Milliers de tonnes","23"
"FBS","Bilans Alimentaires (2010-)","198","Slov?nie","5301","Disponibilit? int?rieure","2734","Viande de Volailles","2019","2019","Milliers de tonnes","50"
"FBS","Bilans Alimentaires (2010-)","276","Soudan","5511","Production","2734","Viande de Volailles","2019","2019","Milliers de tonnes","75"
"FBS","Bilans Alimentaires (2010-)","276","Soudan","5611","Importations - Quantit?","2734","Viande de Volailles","2019","2019","Milliers de tonnes","0"
"FBS","Bilans Alimentaires (2010-)","276","Soudan","5301","Disponibilit? int?rieure","2734","Viande de Volailles","2019","2019","Milliers de tonnes","56"
"FBS","Bilans Alimentaires (2010-)","38","Sri Lanka","5511","Production","2734","Viande de Volailles","2019","2019","Milliers de tonnes","189"
"FBS","Bilans Alimentaires (2010-)","38","Sri Lanka","5611","Importations - Quantit?","2734","Viande de Volailles","2019","2019","Milliers de tonnes","0"
"FBS","Bilans Alimentaires (2010-)","38","Sri Lanka","5301","Disponibilit? int?rieure","2734","Viande de Volailles","2019","2019","Milliers de tonnes","188"
"FBS","Bilans Alimentaires (2010-)","210","Su?de","5511","Production","2734","Viande de Volailles","2019","2019","Milliers de tonnes","158"
"FBS","Bilans Alimentaires (2010-)","210","Su?de","5611","Importations - Quantit?","2734","Viande de Volailles","2019","2019","Milliers de tonnes","84"
"FBS","Bilans Alimentaires (2010-)","210","Su?de","5301","Disponibilit? int?rieure","2734","Viande de Volailles","2019","2019","Milliers de tonnes","239"
"FBS","Bilans Alimentaires (2010-)","211","Suisse","5511","Production","2734","Viande de Volailles","2019","2019","Milliers de tonnes","99"
"FBS","Bilans Alimentaires (2010-)","211","Suisse","5611","Importations - Quantit?","2734","Viande de Volailles","2019","2019","Milliers de tonnes","45"
"FBS","Bilans Alimentaires (2010-)","211","Suisse","5301","Disponibilit? int?rieure","2734","Viande de Volailles","2019","2019","Milliers de tonnes","149"
"FBS","Bilans Alimentaires (2010-)","207","Suriname","5511","Production","2734","Viande de Volailles","2019","2019","Milliers de tonnes","11"
"FBS","Bilans Alimentaires (2010-)","207","Suriname","5611","Importations - Quantit?","2734","Viande de Volailles","2019","2019","Milliers de tonnes","19"
"FBS","Bilans Alimentaires (2010-)","207","Suriname","5301","Disponibilit? int?rieure","2734","Viande de Volailles","2019","2019","Milliers de tonnes","30"
"FBS","Bilans Alimentaires (2010-)","208","Tadjikistan","5511","Production","2734","Viande de Volailles","2019","2019","Milliers de tonnes","16"
"FBS","Bilans Alimentaires (2010-)","208","Tadjikistan","5611","Importations - Quantit?","2734","Viande de Volailles","2019","2019","Milliers de tonnes","12"
"FBS","Bilans Alimentaires (2010-)","208","Tadjikistan","5301","Disponibilit? int?rieure","2734","Viande de Volailles","2019","2019","Milliers de tonnes","38"
"FBS","Bilans Alimentaires (2010-)","39","Tchad","5511","Production","2734","Viande de Volailles","2019","2019","Milliers de tonnes","7"
"FBS","Bilans Alimentaires (2010-)","39","Tchad","5611","Importations - Quantit?","2734","Viande de Volailles","2019","2019","Milliers de tonnes","2"
"FBS","Bilans Alimentaires (2010-)","39","Tchad","5301","Disponibilit? int?rieure","2734","Viande de Volailles","2019","2019","Milliers de tonnes","7"
"FBS","Bilans Alimentaires (2010-)","167","Tch?quie","5511","Production","2734","Viande de Volailles","2019","2019","Milliers de tonnes","170"
"FBS","Bilans Alimentaires (2010-)","167","Tch?quie","5611","Importations - Quantit?","2734","Viande de Volailles","2019","2019","Milliers de tonnes","116"
"FBS","Bilans Alimentaires (2010-)","167","Tch?quie","5301","Disponibilit? int?rieure","2734","Viande de Volailles","2019","2019","Milliers de tonnes","259"
"FBS","Bilans Alimentaires (2010-)","216","Tha?lande","5511","Production","2734","Viande de Volailles","2019","2019","Milliers de tonnes","1775"
"FBS","Bilans Alimentaires (2010-)","216","Tha?lande","5611","Importations - Quantit?","2734","Viande de Volailles","2019","2019","Milliers de tonnes","4"
"FBS","Bilans Alimentaires (2010-)","216","Tha?lande","5301","Disponibilit? int?rieure","2734","Viande de Volailles","2019","2019","Milliers de tonnes","894"
"FBS","Bilans Alimentaires (2010-)","176","Timor-Leste","5511","Production","2734","Viande de Volailles","2019","2019","Milliers de tonnes","1"
"FBS","Bilans Alimentaires (2010-)","176","Timor-Leste","5611","Importations - Quantit?","2734","Viande de Volailles","2019","2019","Milliers de tonnes","11"
"FBS","Bilans Alimentaires (2010-)","176","Timor-Leste","5301","Disponibilit? int?rieure","2734","Viande de Volailles","2019","2019","Milliers de tonnes","11"
"FBS","Bilans Alimentaires (2010-)","217","Togo","5511","Production","2734","Viande de Volailles","2019","2019","Milliers de tonnes","44"
"FBS","Bilans Alimentaires (2010-)","217","Togo","5611","Importations - Quantit?","2734","Viande de Volailles","2019","2019","Milliers de tonnes","25"
"FBS","Bilans Alimentaires (2010-)","217","Togo","5301","Disponibilit? int?rieure","2734","Viande de Volailles","2019","2019","Milliers de tonnes","68"
"FBS","Bilans Alimentaires (2010-)","220","Trinit?-et-Tobago","5511","Production","2734","Viande de Volailles","2019","2019","Milliers de tonnes","62"
"FBS","Bilans Alimentaires (2010-)","220","Trinit?-et-Tobago","5611","Importations - Quantit?","2734","Viande de Volailles","2019","2019","Milliers de tonnes","25"
"FBS","Bilans Alimentaires (2010-)","220","Trinit?-et-Tobago","5301","Disponibilit? int?rieure","2734","Viande de Volailles","2019","2019","Milliers de tonnes","89"
"FBS","Bilans Alimentaires (2010-)","222","Tunisie","5511","Production","2734","Viande de Volailles","2019","2019","Milliers de tonnes","223"
"FBS","Bilans Alimentaires (2010-)","222","Tunisie","5611","Importations - Quantit?","2734","Viande de Volailles","2019","2019","Milliers de tonnes","1"
"FBS","Bilans Alimentaires (2010-)","222","Tunisie","5301","Disponibilit? int?rieure","2734","Viande de Volailles","2019","2019","Milliers de tonnes","203"
"FBS","Bilans Alimentaires (2010-)","213","Turkm?nistan","5511","Production","2734","Viande de Volailles","2019","2019","Milliers de tonnes","21"
"FBS","Bilans Alimentaires (2010-)","213","Turkm?nistan","5611","Importations - Quantit?","2734","Viande de Volailles","2019","2019","Milliers de tonnes","13"
"FBS","Bilans Alimentaires (2010-)","213","Turkm?nistan","5301","Disponibilit? int?rieure","2734","Viande de Volailles","2019","2019","Milliers de tonnes","30"
"FBS","Bilans Alimentaires (2010-)","223","Turquie","5511","Production","2734","Viande de Volailles","2019","2019","Milliers de tonnes","2202"
"FBS","Bilans Alimentaires (2010-)","223","Turquie","5611","Importations - Quantit?","2734","Viande de Volailles","2019","2019","Milliers de tonnes","44"
"FBS","Bilans Alimentaires (2010-)","223","Turquie","5301","Disponibilit? int?rieure","2734","Viande de Volailles","2019","2019","Milliers de tonnes","1723"
"FBS","Bilans Alimentaires (2010-)","230","Ukraine","5511","Production","2734","Viande de Volailles","2019","2019","Milliers de tonnes","1410"
"FBS","Bilans Alimentaires (2010-)","230","Ukraine","5611","Importations - Quantit?","2734","Viande de Volailles","2019","2019","Milliers de tonnes","86"
"FBS","Bilans Alimentaires (2010-)","230","Ukraine","5301","Disponibilit? int?rieure","2734","Viande de Volailles","2019","2019","Milliers de tonnes","1199"
"FBS","Bilans Alimentaires (2010-)","234","Uruguay","5511","Production","2734","Viande de Volailles","2019","2019","Milliers de tonnes","31"
"FBS","Bilans Alimentaires (2010-)","234","Uruguay","5611","Importations - Quantit?","2734","Viande de Volailles","2019","2019","Milliers de tonnes","6"
"FBS","Bilans Alimentaires (2010-)","234","Uruguay","5301","Disponibilit? int?rieure","2734","Viande de Volailles","2019","2019","Milliers de tonnes","34"
"FBS","Bilans Alimentaires (2010-)","155","Vanuatu","5511","Production","2734","Viande de Volailles","2019","2019","Milliers de tonnes","1"
"FBS","Bilans Alimentaires (2010-)","155","Vanuatu","5611","Importations - Quantit?","2734","Viande de Volailles","2019","2019","Milliers de tonnes","4"
"FBS","Bilans Alimentaires (2010-)","155","Vanuatu","5301","Disponibilit? int?rieure","2734","Viande de Volailles","2019","2019","Milliers de tonnes","4"
"FBS","Bilans Alimentaires (2010-)","236","Venezuela (R?publique bolivarienne du)","5511","Production","2734","Viande de Volailles","2019","2019","Milliers de tonnes","428"
"FBS","Bilans Alimentaires (2010-)","236","Venezuela (R?publique bolivarienne du)","5301","Disponibilit? int?rieure","2734","Viande de Volailles","2019","2019","Milliers de tonnes","428"
"FBS","Bilans Alimentaires (2010-)","237","Viet Nam","5511","Production","2734","Viande de Volailles","2019","2019","Milliers de tonnes","1089"
"FBS","Bilans Alimentaires (2010-)","237","Viet Nam","5611","Importations - Quantit?","2734","Viande de Volailles","2019","2019","Milliers de tonnes","203"
"FBS","Bilans Alimentaires (2010-)","237","Viet Nam","5301","Disponibilit? int?rieure","2734","Viande de Volailles","2019","2019","Milliers de tonnes","1256"
"FBS","Bilans Alimentaires (2010-)","249","Y?men","5511","Production","2734","Viande de Volailles","2019","2019","Milliers de tonnes","192"
"FBS","Bilans Alimentaires (2010-)","249","Y?men","5611","Importations - Quantit?","2734","Viande de Volailles","2019","2019","Milliers de tonnes","140"
"FBS","Bilans Alimentaires (2010-)","249","Y?men","5301","Disponibilit? int?rieure","2734","Viande de Volailles","2019","2019","Milliers de tonnes","352"
"FBS","Bilans Alimentaires (2010-)","251","Zambie","5511","Production","2734","Viande de Volailles","2019","2019","Milliers de tonnes","51"
"FBS","Bilans Alimentaires (2010-)","251","Zambie","5611","Importations - Quantit?","2734","Viande de Volailles","2019","2019","Milliers de tonnes","23"
"FBS","Bilans Alimentaires (2010-)","251","Zambie","5301","Disponibilit? int?rieure","2734","Viande de Volailles","2019","2019","Milliers de tonnes","65"
"FBS","Bilans Alimentaires (2010-)","181","Zimbabwe","5511","Production","2734","Viande de Volailles","2019","2019","Milliers de tonnes","52"
"FBS","Bilans Alimentaires (2010-)","181","Zimbabwe","5611","Importations - Quantit?","2734","Viande de Volailles","2019","2019","Milliers de tonnes","1"
"FBS","Bilans Alimentaires (2010-)","181","Zimbabwe","5301","Disponibilit? int?rieure","2734","Viande de Volailles","2019","2019","Milliers de tonnes","54"
